,,,,AUROC,AUROC,AUROC,AUPRC,AUPRC,AUPRC,F1,F1,F1
,,,,mean,std,count,mean,std,count,mean,std,count
Model,Cohort,Condition,Variant,,,,,,,,,
BiGRU,ICU,Sequence + Tabular,lat,0.7875,0.0019,5,0.3825,0.0025,5,0.3862,0.0091,5
BiGRU,ICU,Sequence + Tabular,old,0.8098,0.0024,5,0.5259,0.0026,5,0.4812,0.0044,5
BiGRU,ICU,Sequence + Tabular,restricted,0.7892,0.001,5,0.4405,0.0009,5,0.4312,0.0059,5
BiGRU,ICU,Sequence Only,lat,0.5358,0.0048,5,0.1278,0.0012,5,0.2093,0.0241,5
BiGRU,ICU,Sequence Only,old,0.5333,0.0025,5,0.1629,0.001,5,0.2559,0.0256,5
BiGRU,ICU,Sequence Only,restricted,0.5442,0.0004,5,0.1557,0.0015,5,0.2547,0.0007,5
BiGRU,SW,Sequence + Tabular,collapse,0.8417,0.0026,5,0.106,0.0031,5,0.133,0.006,5
BiGRU,SW,Sequence + Tabular,corr,0.8302,0.0048,5,0.2647,0.0054,5,0.3532,0.007,5
BiGRU,SW,Sequence + Tabular,corrpacu,0.8321,0.0034,5,0.3142,0.0092,5,0.388,0.0195,5
BiGRU,SW,Sequence + Tabular,lat,0.8937,0.0017,5,0.6069,0.0049,5,0.4978,0.0087,5
BiGRU,SW,Sequence + Tabular,old,0.8787,0.0017,5,0.614,0.0031,5,0.5593,0.004,5
BiGRU,SW,Sequence + Tabular,restricted,0.8066,0.0016,5,0.8053,0.0021,5,0.6975,0.0053,5
BiGRU,SW,Sequence Only,collapse,0.6171,0.0043,5,0.0308,0.0002,5,0.0574,0.0016,5
BiGRU,SW,Sequence Only,corr,0.5535,0.0022,5,0.0883,0.0012,5,0.1541,0.0005,5
BiGRU,SW,Sequence Only,corrpacu,0.5634,0.0015,5,0.1069,0.0014,5,0.184,0.0016,5
BiGRU,SW,Sequence Only,lat,0.6925,0.0014,5,0.3582,0.0023,5,0.4437,0.0123,5
BiGRU,SW,Sequence Only,old,0.6463,0.0036,5,0.3287,0.0076,5,0.3666,0.0023,5
BiGRU,SW,Sequence Only,restricted,0.6954,0.0014,5,0.6376,0.0024,5,0.6052,0.0056,5
BiLSTM,ICU,Sequence + Tabular,lat,0.7884,0.0031,5,0.3839,0.0032,5,0.3896,0.0065,5
BiLSTM,ICU,Sequence + Tabular,old,0.8113,0.0012,5,0.526,0.0011,5,0.4874,0.0094,5
BiLSTM,ICU,Sequence + Tabular,restricted,0.7898,0.001,5,0.4386,0.0008,5,0.4326,0.0095,5
BiLSTM,ICU,Sequence Only,lat,0.5333,0.0047,5,0.1268,0.001,5,0.2148,0.0117,5
BiLSTM,ICU,Sequence Only,old,0.5349,0.0028,5,0.1633,0.0014,5,0.256,0.0293,5
BiLSTM,ICU,Sequence Only,restricted,0.5479,0.0041,5,0.1566,0.0025,5,0.2542,0.0002,5
BiLSTM,SW,Sequence + Tabular,collapse,0.8426,0.0026,5,0.1055,0.0031,5,0.1204,0.0039,5
BiLSTM,SW,Sequence + Tabular,corr,0.8314,0.0014,5,0.2672,0.0033,5,0.3549,0.0061,5
BiLSTM,SW,Sequence + Tabular,corrpacu,0.8323,0.0013,5,0.3125,0.004,5,0.3901,0.0076,5
BiLSTM,SW,Sequence + Tabular,lat,0.8932,0.0025,5,0.6037,0.0024,5,0.4897,0.0074,5
BiLSTM,SW,Sequence + Tabular,old,0.8796,0.0012,5,0.6136,0.0018,5,0.5561,0.0039,5
BiLSTM,SW,Sequence + Tabular,restricted,0.8059,0.0009,5,0.8038,0.0015,5,0.7028,0.0044,5
BiLSTM,SW,Sequence Only,collapse,0.6163,0.0019,5,0.0306,0.0003,5,0.0576,0.0015,5
BiLSTM,SW,Sequence Only,corr,0.5517,0.0026,5,0.0875,0.0011,5,0.1533,0.0011,5
BiLSTM,SW,Sequence Only,corrpacu,0.5623,0.0012,5,0.1066,0.0014,5,0.1814,0.0019,5
BiLSTM,SW,Sequence Only,lat,0.6928,0.0023,5,0.3575,0.0046,5,0.4413,0.0019,5
BiLSTM,SW,Sequence Only,old,0.6478,0.001,5,0.3325,0.001,5,0.3683,0.0022,5
BiLSTM,SW,Sequence Only,restricted,0.695,0.0028,5,0.6377,0.0021,5,0.6021,0.0049,5
CNN,ICU,Sequence + Tabular,lat,0.7844,0.0019,5,0.3811,0.0021,5,0.3804,0.0088,5
CNN,ICU,Sequence + Tabular,old,0.8089,0.0031,5,0.523,0.0025,5,0.4765,0.0091,5
CNN,ICU,Sequence + Tabular,restricted,0.7864,0.0029,5,0.4367,0.0022,5,0.4291,0.0065,5
CNN,ICU,Sequence Only,lat,0.538,0.0017,5,0.1278,0.0008,5,0.2201,0.0003,5
CNN,ICU,Sequence Only,old,0.5361,0.0029,5,0.1629,0.0014,5,0.2689,0.0013,5
CNN,ICU,Sequence Only,restricted,0.5444,0.0037,5,0.1564,0.0016,5,0.2537,0.0007,5
CNN,SW,Sequence + Tabular,collapse,0.8364,0.0042,5,0.1095,0.0096,5,0.1226,0.0092,5
CNN,SW,Sequence + Tabular,corr,0.8271,0.0036,5,0.2623,0.0051,5,0.3379,0.0129,5
CNN,SW,Sequence + Tabular,corrpacu,0.8275,0.0029,5,0.3126,0.0055,5,0.38,0.018,5
CNN,SW,Sequence + Tabular,lat,0.8924,0.0009,5,0.6032,0.0017,5,0.4776,0.0174,5
CNN,SW,Sequence + Tabular,old,0.8775,0.0031,5,0.6159,0.0072,5,0.5488,0.0165,5
CNN,SW,Sequence + Tabular,restricted,0.8063,0.0012,5,0.8035,0.0023,5,0.7072,0.0013,5
CNN,SW,Sequence Only,collapse,0.6227,0.0017,5,0.0312,0.0002,5,0.0579,0.0016,5
CNN,SW,Sequence Only,corr,0.5558,0.0017,5,0.0887,0.0009,5,0.1547,0.0004,5
CNN,SW,Sequence Only,corrpacu,0.5629,0.0016,5,0.1063,0.0012,5,0.1841,0.0014,5
CNN,SW,Sequence Only,lat,0.6918,0.0015,5,0.3571,0.0022,5,0.4335,0.0097,5
CNN,SW,Sequence Only,old,0.6474,0.0004,5,0.3319,0.0012,5,0.3657,0.0016,5
CNN,SW,Sequence Only,restricted,0.6963,0.0024,5,0.6364,0.0009,5,0.6084,0.0023,5
CNN-LSTM,ICU,Sequence + Tabular,lat,0.7871,0.0012,5,0.3839,0.0029,5,0.3916,0.006,5
CNN-LSTM,ICU,Sequence + Tabular,old,0.8095,0.0019,5,0.5256,0.0022,5,0.4863,0.0074,5
CNN-LSTM,ICU,Sequence + Tabular,restricted,0.7875,0.0018,5,0.4398,0.0033,5,0.4319,0.0084,5
CNN-LSTM,ICU,Sequence Only,lat,0.5272,0.0061,5,0.1253,0.0011,5,0.2131,0.0136,5
CNN-LSTM,ICU,Sequence Only,old,0.5306,0.002,5,0.1614,0.001,5,0.2654,0.0032,5
CNN-LSTM,ICU,Sequence Only,restricted,0.5435,0.0009,5,0.1555,0.0011,5,0.2526,0.0028,5
CNN-LSTM,SW,Sequence + Tabular,collapse,0.8418,0.0029,5,0.1044,0.0057,5,0.1277,0.0096,5
CNN-LSTM,SW,Sequence + Tabular,corr,0.8295,0.0018,5,0.2627,0.0048,5,0.3437,0.0117,5
CNN-LSTM,SW,Sequence + Tabular,corrpacu,0.8313,0.0035,5,0.3153,0.009,5,0.3861,0.019,5
CNN-LSTM,SW,Sequence + Tabular,lat,0.8945,0.0019,5,0.6032,0.0046,5,0.4818,0.0174,5
CNN-LSTM,SW,Sequence + Tabular,old,0.8795,0.0013,5,0.615,0.0022,5,0.5577,0.0048,5
CNN-LSTM,SW,Sequence + Tabular,restricted,0.8052,0.002,5,0.8034,0.0032,5,0.6977,0.0045,5
CNN-LSTM,SW,Sequence Only,collapse,0.62,0.0021,5,0.031,0.0002,5,0.0573,0.0016,5
CNN-LSTM,SW,Sequence Only,corr,0.5545,0.002,5,0.0883,0.0007,5,0.1535,0.0009,5
CNN-LSTM,SW,Sequence Only,corrpacu,0.5624,0.0009,5,0.106,0.0006,5,0.1835,0.0017,5
CNN-LSTM,SW,Sequence Only,lat,0.6925,0.0016,5,0.3545,0.0061,5,0.4542,0.0139,5
CNN-LSTM,SW,Sequence Only,old,0.6467,0.0015,5,0.3276,0.0036,5,0.3674,0.0042,5
CNN-LSTM,SW,Sequence Only,restricted,0.6965,0.0012,5,0.6369,0.0019,5,0.6051,0.005,5
CNN-k23,ICU,Sequence + Tabular,lat,0.7858,0.002,5,0.3812,0.0025,5,0.3894,0.0047,5
CNN-k23,ICU,Sequence + Tabular,old,0.8113,0.0017,5,0.5262,0.0026,5,0.4859,0.0055,5
CNN-k23,ICU,Sequence + Tabular,restricted,0.7864,0.0014,5,0.4376,0.0017,5,0.4318,0.0032,5
CNN-k23,ICU,Sequence Only,lat,0.5324,0.0045,5,0.1266,0.0009,5,0.2016,0.0175,5
CNN-k23,ICU,Sequence Only,old,0.537,0.0021,5,0.1632,0.0007,5,0.2554,0.0315,5
CNN-k23,ICU,Sequence Only,restricted,0.5464,0.0039,5,0.1563,0.002,5,0.2533,0.0002,5
CNN-k23,SW,Sequence + Tabular,collapse,0.8377,0.0046,5,0.1116,0.0041,5,0.1252,0.0078,5
CNN-k23,SW,Sequence + Tabular,corr,0.8295,0.0013,5,0.2696,0.0035,5,0.3252,0.0218,5
CNN-k23,SW,Sequence + Tabular,corrpacu,0.8292,0.002,5,0.31,0.0045,5,0.3851,0.0071,5
CNN-k23,SW,Sequence + Tabular,lat,0.8939,0.0006,5,0.6051,0.0034,5,0.4678,0.0049,5
CNN-k23,SW,Sequence + Tabular,old,0.8799,0.0016,5,0.6204,0.0035,5,0.5596,0.0059,5
CNN-k23,SW,Sequence + Tabular,restricted,0.8057,0.0033,5,0.803,0.0036,5,0.7009,0.005,5
CNN-k23,SW,Sequence Only,collapse,0.6204,0.0004,5,0.0313,0.0002,5,0.0577,0.0016,5
CNN-k23,SW,Sequence Only,corr,0.5543,0.0012,5,0.0888,0.0006,5,0.1542,0.0007,5
CNN-k23,SW,Sequence Only,corrpacu,0.5636,0.0007,5,0.1073,0.0011,5,0.1824,0.0012,5
CNN-k23,SW,Sequence Only,lat,0.6915,0.0015,5,0.3577,0.0014,5,0.4343,0.0043,5
CNN-k23,SW,Sequence Only,old,0.6484,0.0017,5,0.3324,0.002,5,0.3669,0.0017,5
CNN-k23,SW,Sequence Only,restricted,0.6975,0.0011,5,0.6392,0.003,5,0.6076,0.0032,5
GB,ICU,No Process,lat,0.747,0.0,5,0.3213,0.0,5,0.3563,0.0,5
GB,ICU,No Process,old,0.7523,0.0,5,0.4167,0.0001,5,0.418,0.0,5
GB,ICU,No Process,restricted,0.7504,0.0,5,0.3948,0.0001,5,0.4021,0.0,5
GB,ICU,With BoW,lat,0.8169,0.0,5,0.4058,0.0,5,0.412,0.0,5
GB,ICU,With BoW,old,0.8419,0.0,5,0.5465,0.0,5,0.5128,0.0,5
GB,ICU,With BoW,restricted,0.8117,0.0,5,0.458,0.0,5,0.4492,0.0,5
GB,ICU,With Process,lat,0.8167,0.0,5,0.4046,0.0001,5,0.4138,0.0,5
GB,ICU,With Process,old,0.8424,0.0,5,0.5481,0.0001,5,0.5128,0.0,5
GB,ICU,With Process,restricted,0.8097,0.0,5,0.4541,0.0,5,0.4533,0.0,5
GB,SW,No Process,collapse,0.5849,0.0,5,0.0404,0.0,5,0.0532,0.0,5
GB,SW,No Process,corr,0.6109,0.0,5,0.1153,0.0,5,0.1821,0.0,5
GB,SW,No Process,corrpacu,0.6192,0.0,5,0.1403,0.0,5,0.214,0.0,5
GB,SW,No Process,lat,0.7705,0.0001,5,0.3077,0.0,5,0.3585,0.0002,5
GB,SW,No Process,old,0.7134,0.0,5,0.3229,0.0001,5,0.3716,0.0001,5
GB,SW,No Process,restricted,0.8018,0.0001,5,0.8044,0.0001,5,0.7006,0.0002,5
GB,SW,With BoW,collapse,0.8925,0.0,5,0.1766,0.0,5,0.2055,0.0,5
GB,SW,With BoW,corr,0.8594,0.0001,5,0.3201,0.0001,5,0.3854,0.0001,5
GB,SW,With BoW,corrpacu,0.8581,0.0001,5,0.3637,0.0005,5,0.4227,0.0,5
GB,SW,With BoW,lat,0.9157,0.0001,5,0.6302,0.0001,5,0.4688,0.0,5
GB,SW,With BoW,old,0.898,0.0001,5,0.6449,0.0,5,0.5688,0.0001,5
GB,SW,With BoW,restricted,0.8211,0.0001,5,0.815,0.0001,5,0.7142,0.0003,5
GB,SW,With Process,collapse,0.8878,0.0002,5,0.1604,0.0,5,0.2043,0.0,5
GB,SW,With Process,corr,0.8595,0.0,5,0.313,0.0,5,0.3863,0.0,5
GB,SW,With Process,corrpacu,0.8577,0.0,5,0.3544,0.0,5,0.4228,0.0,5
GB,SW,With Process,lat,0.9167,0.0,5,0.6334,0.0001,5,0.4672,0.0,5
GB,SW,With Process,old,0.8986,0.0,5,0.6463,0.0,5,0.5703,0.0,5
GB,SW,With Process,restricted,0.8191,0.0001,5,0.8161,0.0001,5,0.7047,0.0002,5
GRU,ICU,Sequence + Tabular,lat,0.7871,0.0023,5,0.3836,0.0036,5,0.3906,0.0023,5
GRU,ICU,Sequence + Tabular,old,0.8106,0.0017,5,0.5253,0.002,5,0.4726,0.0075,5
GRU,ICU,Sequence + Tabular,restricted,0.79,0.0016,5,0.442,0.0014,5,0.4287,0.0036,5
GRU,ICU,Sequence Only,lat,0.5339,0.0044,5,0.1271,0.0008,5,0.2081,0.0273,5
GRU,ICU,Sequence Only,old,0.5327,0.0035,5,0.1624,0.002,5,0.2531,0.0321,5
GRU,ICU,Sequence Only,restricted,0.547,0.0046,5,0.1565,0.0022,5,0.2541,0.0006,5
GRU,SW,Sequence + Tabular,collapse,0.8386,0.0042,5,0.1082,0.0061,5,0.1296,0.0153,5
GRU,SW,Sequence + Tabular,corr,0.832,0.0017,5,0.2698,0.004,5,0.3327,0.01,5
GRU,SW,Sequence + Tabular,corrpacu,0.8314,0.002,5,0.3176,0.0035,5,0.3943,0.0113,5
GRU,SW,Sequence + Tabular,lat,0.8933,0.0013,5,0.5978,0.006,5,0.4802,0.0106,5
GRU,SW,Sequence + Tabular,old,0.8797,0.0008,5,0.6164,0.0021,5,0.5571,0.0027,5
GRU,SW,Sequence + Tabular,restricted,0.8074,0.0019,5,0.8059,0.0015,5,0.7014,0.0019,5
GRU,SW,Sequence Only,collapse,0.6192,0.0019,5,0.0308,0.0002,5,0.0578,0.0015,5
GRU,SW,Sequence Only,corr,0.5547,0.0029,5,0.0885,0.0015,5,0.1534,0.0005,5
GRU,SW,Sequence Only,corrpacu,0.5613,0.0022,5,0.1066,0.0008,5,0.1828,0.0015,5
GRU,SW,Sequence Only,lat,0.6928,0.0015,5,0.3582,0.0016,5,0.4485,0.0143,5
GRU,SW,Sequence Only,old,0.6473,0.0015,5,0.3314,0.0021,5,0.3663,0.0014,5
GRU,SW,Sequence Only,restricted,0.6953,0.0014,5,0.6357,0.0009,5,0.6033,0.0056,5
KNN,ICU,No Process,lat,0.5803,0.0,5,0.1532,0.0,5,0.0727,0.0,5
KNN,ICU,No Process,old,0.5895,0.0,5,0.2008,0.0,5,0.1237,0.0,5
KNN,ICU,No Process,restricted,0.6033,0.0,5,0.2009,0.0,5,0.1322,0.0,5
KNN,ICU,With BoW,lat,0.5799,0.0,5,0.1507,0.0,5,0.061,0.0,5
KNN,ICU,With BoW,old,0.5881,0.0,5,0.1995,0.0,5,0.1025,0.0,5
KNN,ICU,With BoW,restricted,0.5836,0.0,5,0.1823,0.0,5,0.0956,0.0,5
KNN,ICU,With Process,lat,0.5903,0.0,5,0.1589,0.0,5,0.077,0.0,5
KNN,ICU,With Process,old,0.6004,0.0,5,0.211,0.0,5,0.1228,0.0,5
KNN,ICU,With Process,restricted,0.5906,0.0,5,0.1928,0.0,5,0.1168,0.0,5
KNN,SW,No Process,collapse,0.5147,0.0,5,0.0238,0.0,5,0.0,0.0,5
KNN,SW,No Process,corr,0.5193,0.0,5,0.0812,0.0,5,0.0128,0.0,5
KNN,SW,No Process,corrpacu,0.5193,0.0,5,0.0966,0.0,5,0.0195,0.0,5
KNN,SW,No Process,lat,0.6408,0.0,5,0.1687,0.0,5,0.1496,0.0,5
KNN,SW,No Process,old,0.5985,0.0,5,0.194,0.0,5,0.156,0.0,5
KNN,SW,No Process,restricted,0.7091,0.0,5,0.6594,0.0,5,0.6214,0.0,5
KNN,SW,With BoW,collapse,0.5172,0.0,5,0.024,0.0,5,0.0,0.0,5
KNN,SW,With BoW,corr,0.5456,0.0,5,0.0877,0.0,5,0.0146,0.0,5
KNN,SW,With BoW,corrpacu,0.5593,0.0,5,0.1075,0.0,5,0.0255,0.0,5
KNN,SW,With BoW,lat,0.7077,0.0,5,0.3843,0.0,5,0.4547,0.0,5
KNN,SW,With BoW,old,0.6707,0.0,5,0.3638,0.0,5,0.3664,0.0,5
KNN,SW,With BoW,restricted,0.7195,0.0,5,0.6797,0.0,5,0.6449,0.0,5
KNN,SW,With Process,collapse,0.5227,0.0,5,0.0244,0.0,5,0.0,0.0,5
KNN,SW,With Process,corr,0.5505,0.0,5,0.089,0.0,5,0.0182,0.0,5
KNN,SW,With Process,corrpacu,0.5576,0.0,5,0.1069,0.0,5,0.0211,0.0,5
KNN,SW,With Process,lat,0.6967,0.0,5,0.3207,0.0,5,0.353,0.0,5
KNN,SW,With Process,old,0.6623,0.0,5,0.3142,0.0,5,0.2968,0.0,5
KNN,SW,With Process,restricted,0.7169,0.0,5,0.6694,0.0,5,0.6315,0.0,5
LR,ICU,No Process,lat,0.7439,0.0,5,0.3254,0.0,5,0.3543,0.0,5
LR,ICU,No Process,old,0.7504,0.0,5,0.4162,0.0,5,0.4174,0.0,5
LR,ICU,No Process,restricted,0.749,0.0,5,0.387,0.0,5,0.3951,0.0,5
LR,ICU,With BoW,lat,0.7758,0.0,5,0.384,0.0,5,0.393,0.0,5
LR,ICU,With BoW,old,0.7909,0.0,5,0.5166,0.0,5,0.4673,0.0,5
LR,ICU,With BoW,restricted,0.7722,0.0,5,0.4363,0.0,5,0.4249,0.0,5
LR,ICU,With Process,lat,0.7792,0.0,5,0.384,0.0,5,0.3878,0.0,5
LR,ICU,With Process,old,0.7926,0.0,5,0.5149,0.0,5,0.4593,0.0,5
LR,ICU,With Process,restricted,0.7739,0.0,5,0.4369,0.0,5,0.4239,0.0,5
LR,SW,No Process,collapse,0.5795,0.0,5,0.0273,0.0,5,0.0525,0.0,5
LR,SW,No Process,corr,0.5961,0.0,5,0.1105,0.0,5,0.17,0.0,5
LR,SW,No Process,corrpacu,0.6033,0.0,5,0.1338,0.0,5,0.2005,0.0,5
LR,SW,No Process,lat,0.7634,0.0,5,0.2705,0.0,5,0.3469,0.0,5
LR,SW,No Process,old,0.7064,0.0,5,0.293,0.0,5,0.3736,0.0,5
LR,SW,No Process,restricted,0.7947,0.0,5,0.7746,0.0,5,0.7035,0.0,5
LR,SW,With BoW,collapse,0.8374,0.0,5,0.1176,0.0,5,0.1345,0.0,5
LR,SW,With BoW,corr,0.8047,0.0,5,0.2291,0.0,5,0.3195,0.0,5
LR,SW,With BoW,corrpacu,0.7994,0.0,5,0.2644,0.0,5,0.3532,0.0,5
LR,SW,With BoW,lat,0.8839,0.0,5,0.5299,0.0,5,0.4917,0.0,5
LR,SW,With BoW,old,0.8668,0.0,5,0.5538,0.0,5,0.5448,0.0,5
LR,SW,With BoW,restricted,0.7961,0.0,5,0.7703,0.0,5,0.7129,0.0,5
LR,SW,With Process,collapse,0.8485,0.0,5,0.1001,0.0,5,0.1325,0.0,5
LR,SW,With Process,corr,0.8058,0.0,5,0.2261,0.0,5,0.3122,0.0,5
LR,SW,With Process,corrpacu,0.8002,0.0,5,0.2659,0.0,5,0.348,0.0,5
LR,SW,With Process,lat,0.8781,0.0,5,0.4793,0.0,5,0.4679,0.0,5
LR,SW,With Process,old,0.8577,0.0,5,0.5209,0.0,5,0.5275,0.0,5
LR,SW,With Process,restricted,0.799,0.0,5,0.7801,0.0,5,0.7044,0.0,5
LSTM,ICU,Sequence + Tabular,lat,0.787,0.0018,5,0.382,0.0028,5,0.3933,0.0106,5
LSTM,ICU,Sequence + Tabular,old,0.8095,0.0016,5,0.5267,0.0016,5,0.4789,0.0105,5
LSTM,ICU,Sequence + Tabular,restricted,0.7882,0.0023,5,0.4391,0.0029,5,0.4311,0.0058,5
LSTM,ICU,Sequence Only,lat,0.5371,0.0041,5,0.1278,0.0011,5,0.2204,0.0007,5
LSTM,ICU,Sequence Only,old,0.5301,0.0063,5,0.1615,0.0021,5,0.2541,0.0318,5
LSTM,ICU,Sequence Only,restricted,0.5481,0.003,5,0.1568,0.0018,5,0.2545,0.0004,5
LSTM,SW,Sequence + Tabular,collapse,0.8393,0.0024,5,0.1102,0.0035,5,0.1217,0.0066,5
LSTM,SW,Sequence + Tabular,corr,0.8305,0.0034,5,0.2675,0.0047,5,0.3476,0.0108,5
LSTM,SW,Sequence + Tabular,corrpacu,0.8289,0.0038,5,0.3116,0.0074,5,0.3876,0.0127,5
LSTM,SW,Sequence + Tabular,lat,0.8942,0.0011,5,0.6044,0.0033,5,0.491,0.008,5
LSTM,SW,Sequence + Tabular,old,0.879,0.001,5,0.6142,0.0015,5,0.5579,0.0053,5
LSTM,SW,Sequence + Tabular,restricted,0.8082,0.002,5,0.8059,0.0022,5,0.697,0.011,5
LSTM,SW,Sequence Only,collapse,0.6156,0.007,5,0.0307,0.0003,5,0.0569,0.0019,5
LSTM,SW,Sequence Only,corr,0.5543,0.0027,5,0.0883,0.0011,5,0.1535,0.0015,5
LSTM,SW,Sequence Only,corrpacu,0.5618,0.0012,5,0.1058,0.0006,5,0.1844,0.0008,5
LSTM,SW,Sequence Only,lat,0.6931,0.0021,5,0.3579,0.0016,5,0.4457,0.0126,5
LSTM,SW,Sequence Only,old,0.6461,0.0021,5,0.3277,0.0056,5,0.3669,0.0018,5
LSTM,SW,Sequence Only,restricted,0.6916,0.0072,5,0.633,0.0056,5,0.6038,0.0029,5
MLP,ICU,No Process,lat,0.744,0.0006,5,0.3261,0.002,5,0.3511,0.0036,5
MLP,ICU,No Process,old,0.7494,0.001,5,0.4186,0.0002,5,0.4132,0.0021,5
MLP,ICU,No Process,restricted,0.7513,0.0011,5,0.3937,0.0018,5,0.3967,0.0053,5
MLP,ICU,With Process,lat,0.8088,0.0022,5,0.4072,0.0023,5,0.3903,0.0057,5
MLP,ICU,With Process,old,0.8378,0.0006,5,0.558,0.0007,5,0.4878,0.0071,5
MLP,ICU,With Process,restricted,0.8081,0.0012,5,0.4611,0.002,5,0.4454,0.0059,5
MLP,SW,No Process,collapse,0.5881,0.0062,5,0.0305,0.0034,5,0.0552,0.0014,5
MLP,SW,No Process,corr,0.596,0.0027,5,0.1097,0.0024,5,0.1699,0.003,5
MLP,SW,No Process,corrpacu,0.6075,0.003,5,0.1349,0.0023,5,0.2027,0.0013,5
MLP,SW,No Process,lat,0.7689,0.0009,5,0.3111,0.0072,5,0.3551,0.0079,5
MLP,SW,No Process,old,0.7103,0.0018,5,0.3279,0.0093,5,0.3675,0.005,5
MLP,SW,No Process,restricted,0.8051,0.0021,5,0.7994,0.0016,5,0.7097,0.0046,5
MLP,SW,With Process,collapse,0.8637,0.003,5,0.1392,0.0082,5,0.1591,0.0079,5
MLP,SW,With Process,corr,0.8456,0.002,5,0.2998,0.0039,5,0.3496,0.003,5
MLP,SW,With Process,corrpacu,0.8482,0.0012,5,0.3513,0.0047,5,0.3962,0.0056,5
MLP,SW,With Process,lat,0.9115,0.0014,5,0.6316,0.0037,5,0.4495,0.0057,5
MLP,SW,With Process,old,0.8948,0.0009,5,0.6476,0.0035,5,0.5478,0.0047,5
MLP,SW,With Process,restricted,0.8147,0.0031,5,0.8084,0.0018,5,0.7139,0.0037,5
RF,ICU,No Process,lat,0.7256,0.0019,5,0.2901,0.0028,5,0.0243,0.0038,5
RF,ICU,No Process,old,0.7356,0.0025,5,0.3823,0.0034,5,0.1248,0.0027,5
RF,ICU,No Process,restricted,0.7387,0.0015,5,0.3647,0.0028,5,0.1333,0.0048,5
RF,ICU,With BoW,lat,0.7941,0.0025,5,0.3557,0.0043,5,0.0116,0.0038,5
RF,ICU,With BoW,old,0.8205,0.0018,5,0.4815,0.0063,5,0.1557,0.0094,5
RF,ICU,With BoW,restricted,0.7934,0.0021,5,0.4085,0.005,5,0.069,0.0073,5
RF,ICU,With Process,lat,0.8024,0.0008,5,0.3716,0.0033,5,0.0485,0.0033,5
RF,ICU,With Process,old,0.8289,0.0015,5,0.5057,0.0035,5,0.2593,0.0055,5
RF,ICU,With Process,restricted,0.8028,0.0017,5,0.4304,0.0028,5,0.1516,0.0068,5
RF,SW,No Process,collapse,0.5613,0.0126,5,0.0334,0.0016,5,0.0,0.0,5
RF,SW,No Process,corr,0.5766,0.0083,5,0.0974,0.0036,5,0.0,0.0,5
RF,SW,No Process,corrpacu,0.5891,0.004,5,0.1203,0.002,5,0.0,0.0,5
RF,SW,No Process,lat,0.754,0.0031,5,0.3196,0.0044,5,0.1404,0.0067,5
RF,SW,No Process,old,0.697,0.0012,5,0.3223,0.0017,5,0.1337,0.0043,5
RF,SW,No Process,restricted,0.8035,0.0023,5,0.8041,0.0023,5,0.6903,0.0063,5
RF,SW,With BoW,collapse,0.8726,0.0016,5,0.1611,0.0088,5,0.0065,0.0046,5
RF,SW,With BoW,corr,0.8475,0.0016,5,0.3275,0.0032,5,0.0801,0.0059,5
RF,SW,With BoW,corrpacu,0.8479,0.0019,5,0.3725,0.0028,5,0.1049,0.0007,5
RF,SW,With BoW,lat,0.9074,0.0005,5,0.6211,0.0017,5,0.4703,0.0027,5
RF,SW,With BoW,old,0.889,0.0007,5,0.633,0.0018,5,0.4299,0.0077,5
RF,SW,With BoW,restricted,0.8098,0.0016,5,0.8116,0.0013,5,0.6767,0.0021,5
RF,SW,With Process,collapse,0.8682,0.0056,5,0.1401,0.0033,5,0.0,0.0,5
RF,SW,With Process,corr,0.8517,0.001,5,0.3132,0.0027,5,0.0645,0.005,5
RF,SW,With Process,corrpacu,0.8539,0.0019,5,0.3631,0.0058,5,0.1161,0.0096,5
RF,SW,With Process,lat,0.9121,0.0018,5,0.6332,0.0021,5,0.4727,0.0032,5
RF,SW,With Process,old,0.8953,0.0017,5,0.64,0.0031,5,0.4387,0.0066,5
RF,SW,With Process,restricted,0.8199,0.0019,5,0.8189,0.0024,5,0.6899,0.0056,5
RNN,ICU,Sequence + Tabular,lat,0.7874,0.0025,5,0.3832,0.0023,5,0.3899,0.0055,5
RNN,ICU,Sequence + Tabular,old,0.8101,0.002,5,0.5251,0.0022,5,0.4772,0.0111,5
RNN,ICU,Sequence + Tabular,restricted,0.7897,0.0027,5,0.44,0.0036,5,0.4272,0.0086,5
RNN,ICU,Sequence Only,lat,0.5301,0.0028,5,0.1259,0.0009,5,0.2139,0.0117,5
RNN,ICU,Sequence Only,old,0.5292,0.0034,5,0.1603,0.0012,5,0.2452,0.0317,5
RNN,ICU,Sequence Only,restricted,0.5435,0.0022,5,0.1552,0.0028,5,0.2546,0.0007,5
RNN,SW,Sequence + Tabular,collapse,0.8425,0.0031,5,0.1062,0.0022,5,0.136,0.0169,5
RNN,SW,Sequence + Tabular,corr,0.8282,0.0032,5,0.2621,0.0061,5,0.3486,0.013,5
RNN,SW,Sequence + Tabular,corrpacu,0.8305,0.0024,5,0.3157,0.0033,5,0.3904,0.0123,5
RNN,SW,Sequence + Tabular,lat,0.8925,0.0012,5,0.6059,0.0019,5,0.4819,0.0135,5
RNN,SW,Sequence + Tabular,old,0.8788,0.0006,5,0.6171,0.003,5,0.5507,0.0089,5
RNN,SW,Sequence + Tabular,restricted,0.8071,0.0007,5,0.8053,0.0021,5,0.7051,0.0061,5
RNN,SW,Sequence Only,collapse,0.6215,0.0042,5,0.0313,0.0006,5,0.0575,0.0016,5
RNN,SW,Sequence Only,corr,0.5538,0.0028,5,0.0879,0.0009,5,0.1539,0.0017,5
RNN,SW,Sequence Only,corrpacu,0.5631,0.0016,5,0.1061,0.0009,5,0.1829,0.0018,5
RNN,SW,Sequence Only,lat,0.6934,0.0019,5,0.358,0.0018,5,0.4485,0.0175,5
RNN,SW,Sequence Only,old,0.6464,0.0011,5,0.3327,0.002,5,0.3663,0.0027,5
RNN,SW,Sequence Only,restricted,0.6958,0.0021,5,0.6354,0.0032,5,0.6052,0.0025,5
