condition,weight,icd_version,icd_code
myocardial_infarction,1,9,410
myocardial_infarction,1,9,411
myocardial_infarction,1,9,412
congestive_heart_failure,1,9,39891
congestive_heart_failure,1,9,40201
congestive_heart_failure,1,9,40211
congestive_heart_failure,1,9,40291
congestive_heart_failure,1,9,40401
congestive_heart_failure,1,9,40403
congestive_heart_failure,1,9,40411
congestive_heart_failure,1,9,40413
congestive_heart_failure,1,9,40491
congestive_heart_failure,1,9,40493
congestive_heart_failure,1,9,4254
congestive_heart_failure,1,9,4255
congestive_heart_failure,1,9,4257
congestive_heart_failure,1,9,4258
congestive_heart_failure,1,9,4259
congestive_heart_failure,1,9,428
peripheral_vascular_disease,1,9,0930
peripheral_vascular_disease,1,9,4373
peripheral_vascular_disease,1,9,440
peripheral_vascular_disease,1,9,441
peripheral_vascular_disease,1,9,4431
peripheral_vascular_disease,1,9,4432
peripheral_vascular_disease,1,9,4438
peripheral_vascular_disease,1,9,4439
peripheral_vascular_disease,1,9,4471
peripheral_vascular_disease,1,9,5571
peripheral_vascular_disease,1,9,5579
peripheral_vascular_disease,1,9,V434
cerebrovascular_disease,1,9,36234
cerebrovascular_disease,1,9,430
cerebrovascular_disease,1,9,431
cerebrovascular_disease,1,9,432
cerebrovascular_disease,1,9,433
cerebrovascular_disease,1,9,434
cerebrovascular_disease,1,9,435
cerebrovascular_disease,1,9,436
cerebrovascular_disease,1,9,437
cerebrovascular_disease,1,9,438
dementia,1,9,290
dementia,1,9,2941
dementia,1,9,3312
chronic_pulmonary_disease,1,9,4168
chronic_pulmonary_disease,1,9,4169
chronic_pulmonary_disease,1,9,490
chronic_pulmonary_disease,1,9,491
chronic_pulmonary_disease,1,9,492
chronic_pulmonary_disease,1,9,493
chronic_pulmonary_disease,1,9,494
chronic_pulmonary_disease,1,9,495
chronic_pulmonary_disease,1,9,496
chronic_pulmonary_disease,1,9,500
chronic_pulmonary_disease,1,9,501
chronic_pulmonary_disease,1,9,502
chronic_pulmonary_disease,1,9,503
chronic_pulmonary_disease,1,9,504
chronic_pulmonary_disease,1,9,505
chronic_pulmonary_disease,1,9,5064
chronic_pulmonary_disease,1,9,5081
chronic_pulmonary_disease,1,9,5088
rheumatologic_disease,1,9,4465
rheumatologic_disease,1,9,7100
rheumatologic_disease,1,9,7101
rheumatologic_disease,1,9,7102
rheumatologic_disease,1,9,7103
rheumatologic_disease,1,9,7104
rheumatologic_disease,1,9,7140
rheumatologic_disease,1,9,7141
rheumatologic_disease,1,9,7142
rheumatologic_disease,1,9,7148
rheumatologic_disease,1,9,725
peptic_ulcer_disease,1,9,531
peptic_ulcer_disease,1,9,532
peptic_ulcer_disease,1,9,533
peptic_ulcer_disease,1,9,534
mild_liver_disease,1,9,07022
mild_liver_disease,1,9,07023
mild_liver_disease,1,9,07032
mild_liver_disease,1,9,07033
mild_liver_disease,1,9,07044
mild_liver_disease,1,9,07054
mild_liver_disease,1,9,0706
mild_liver_disease,1,9,0709
mild_liver_disease,1,9,5710
mild_liver_disease,1,9,5712
mild_liver_disease,1,9,5713
mild_liver_disease,1,9,57140
mild_liver_disease,1,9,57141
mild_liver_disease,1,9,57149
mild_liver_disease,1,9,5715
mild_liver_disease,1,9,5716
mild_liver_disease,1,9,5718
mild_liver_disease,1,9,5719
mild_liver_disease,1,9,5723
mild_liver_disease,1,9,5728
mild_liver_disease,1,9,5733
mild_liver_disease,1,9,5734
mild_liver_disease,1,9,5738
mild_liver_disease,1,9,5739
mild_liver_disease,1,9,V427
diabetes_without_complications,1,9,2500
diabetes_without_complications,1,9,2501
diabetes_without_complications,1,9,2502
diabetes_without_complications,1,9,2503
diabetes_without_complications,1,9,2508
diabetes_without_complications,1,9,2509
diabetes_with_complications,2,9,2504
diabetes_with_complications,2,9,2505
diabetes_with_complications,2,9,2506
diabetes_with_complications,2,9,2507
hemiplegia_paraplegia,2,9,3341
hemiplegia_paraplegia,2,9,342
hemiplegia_paraplegia,2,9,343
hemiplegia_paraplegia,2,9,3440
hemiplegia_paraplegia,2,9,3441
hemiplegia_paraplegia,2,9,3442
hemiplegia_paraplegia,2,9,3443
hemiplegia_paraplegia,2,9,3444
hemiplegia_paraplegia,2,9,3445
hemiplegia_paraplegia,2,9,3446
hemiplegia_paraplegia,2,9,3449
renal_disease,2,9,40301
renal_disease,2,9,40311
renal_disease,2,9,40391
renal_disease,2,9,40402
renal_disease,2,9,40412
renal_disease,2,9,40492
renal_disease,2,9,585
renal_disease,2,9,586
renal_disease,2,9,5880
renal_disease,2,9,V420
renal_disease,2,9,V451
renal_disease,2,9,V56
malignancy,2,9,140
malignancy,2,9,141
malignancy,2,9,142
malignancy,2,9,143
malignancy,2,9,144
malignancy,2,9,145
malignancy,2,9,146
malignancy,2,9,147
malignancy,2,9,148
malignancy,2,9,149
malignancy,2,9,150
malignancy,2,9,151
malignancy,2,9,152
malignancy,2,9,153
malignancy,2,9,154
malignancy,2,9,155
malignancy,2,9,156
malignancy,2,9,157
malignancy,2,9,158
malignancy,2,9,159
malignancy,2,9,160
malignancy,2,9,161
malignancy,2,9,162
malignancy,2,9,163
malignancy,2,9,164
malignancy,2,9,165
malignancy,2,9,170
malignancy,2,9,171
malignancy,2,9,172
malignancy,2,9,174
malignancy,2,9,175
malignancy,2,9,176
malignancy,2,9,179
malignancy,2,9,180
malignancy,2,9,181
malignancy,2,9,182
malignancy,2,9,183
malignancy,2,9,184
malignancy,2,9,185
malignancy,2,9,186
malignancy,2,9,187
malignancy,2,9,188
malignancy,2,9,189
malignancy,2,9,190
malignancy,2,9,191
malignancy,2,9,192
malignancy,2,9,193
malignancy,2,9,194
malignancy,2,9,195
malignancy,2,9,200
malignancy,2,9,201
malignancy,2,9,202
malignancy,2,9,203
malignancy,2,9,204
malignancy,2,9,205
malignancy,2,9,206
malignancy,2,9,207
malignancy,2,9,208
malignancy,2,9,2386
moderate_severe_liver_disease,2,9,4560
moderate_severe_liver_disease,2,9,4561
moderate_severe_liver_disease,2,9,4562
moderate_severe_liver_disease,2,9,5722
moderate_severe_liver_disease,2,9,5723
moderate_severe_liver_disease,2,9,5724
moderate_severe_liver_disease,2,9,5725
moderate_severe_liver_disease,2,9,5726
moderate_severe_liver_disease,2,9,5727
moderate_severe_liver_disease,2,9,5728
moderate_severe_liver_disease,2,9,5729
metastatic_solid_tumour,3,9,196
metastatic_solid_tumour,3,9,197
metastatic_solid_tumour,3,9,198
metastatic_solid_tumour,3,9,199
aids_hiv,6,9,042
aids_hiv,6,9,043
aids_hiv,6,9,044
myocardial_infarction,1,10,I21
myocardial_infarction,1,10,I22
myocardial_infarction,1,10,I252
congestive_heart_failure,1,10,I099
congestive_heart_failure,1,10,I110
congestive_heart_failure,1,10,I130
congestive_heart_failure,1,10,I132
congestive_heart_failure,1,10,I255
congestive_heart_failure,1,10,I420
congestive_heart_failure,1,10,I425
congestive_heart_failure,1,10,I426
congestive_heart_failure,1,10,I427
congestive_heart_failure,1,10,I428
congestive_heart_failure,1,10,I429
congestive_heart_failure,1,10,I43
congestive_heart_failure,1,10,I50
congestive_heart_failure,1,10,P290
peripheral_vascular_disease,1,10,I70
peripheral_vascular_disease,1,10,I71
peripheral_vascular_disease,1,10,I731
peripheral_vascular_disease,1,10,I738
peripheral_vascular_disease,1,10,I739
peripheral_vascular_disease,1,10,I771
peripheral_vascular_disease,1,10,I790
peripheral_vascular_disease,1,10,I792
peripheral_vascular_disease,1,10,K551
peripheral_vascular_disease,1,10,K558
peripheral_vascular_disease,1,10,K559
peripheral_vascular_disease,1,10,Z958
peripheral_vascular_disease,1,10,Z959
cerebrovascular_disease,1,10,G45
cerebrovascular_disease,1,10,G46
cerebrovascular_disease,1,10,H340
cerebrovascular_disease,1,10,I60
cerebrovascular_disease,1,10,I61
cerebrovascular_disease,1,10,I62
cerebrovascular_disease,1,10,I63
cerebrovascular_disease,1,10,I64
cerebrovascular_disease,1,10,I65
cerebrovascular_disease,1,10,I66
cerebrovascular_disease,1,10,I67
cerebrovascular_disease,1,10,I68
cerebrovascular_disease,1,10,I69
dementia,1,10,F00
dementia,1,10,F01
dementia,1,10,F02
dementia,1,10,F03
dementia,1,10,F051
dementia,1,10,G30
dementia,1,10,G311
chronic_pulmonary_disease,1,10,I278
chronic_pulmonary_disease,1,10,I279
chronic_pulmonary_disease,1,10,J40
chronic_pulmonary_disease,1,10,J41
chronic_pulmonary_disease,1,10,J42
chronic_pulmonary_disease,1,10,J43
chronic_pulmonary_disease,1,10,J44
chronic_pulmonary_disease,1,10,J45
chronic_pulmonary_disease,1,10,J46
chronic_pulmonary_disease,1,10,J47
chronic_pulmonary_disease,1,10,J60
chronic_pulmonary_disease,1,10,J61
chronic_pulmonary_disease,1,10,J62
chronic_pulmonary_disease,1,10,J63
chronic_pulmonary_disease,1,10,J64
chronic_pulmonary_disease,1,10,J65
chronic_pulmonary_disease,1,10,J66
chronic_pulmonary_disease,1,10,J67
chronic_pulmonary_disease,1,10,J684
chronic_pulmonary_disease,1,10,J701
chronic_pulmonary_disease,1,10,J703
rheumatologic_disease,1,10,M05
rheumatologic_disease,1,10,M06
rheumatologic_disease,1,10,M315
rheumatologic_disease,1,10,M32
rheumatologic_disease,1,10,M33
rheumatologic_disease,1,10,M34
rheumatologic_disease,1,10,M351
rheumatologic_disease,1,10,M353
rheumatologic_disease,1,10,M360
peptic_ulcer_disease,1,10,K25
peptic_ulcer_disease,1,10,K26
peptic_ulcer_disease,1,10,K27
peptic_ulcer_disease,1,10,K28
mild_liver_disease,1,10,B18
mild_liver_disease,1,10,K700
mild_liver_disease,1,10,K701
mild_liver_disease,1,10,K702
mild_liver_disease,1,10,K703
mild_liver_disease,1,10,K709
mild_liver_disease,1,10,K713
mild_liver_disease,1,10,K714
mild_liver_disease,1,10,K715
mild_liver_disease,1,10,K717
mild_liver_disease,1,10,K73
mild_liver_disease,1,10,K74
mild_liver_disease,1,10,K760
mild_liver_disease,1,10,K762
mild_liver_disease,1,10,K763
mild_liver_disease,1,10,K764
mild_liver_disease,1,10,K768
mild_liver_disease,1,10,K769
mild_liver_disease,1,10,Z944
diabetes_without_complications,1,10,E100
diabetes_without_complications,1,10,E101
diabetes_without_complications,1,10,E106
diabetes_without_complications,1,10,E108
diabetes_without_complications,1,10,E109
diabetes_without_complications,1,10,E110
diabetes_without_complications,1,10,E111
diabetes_without_complications,1,10,E116
diabetes_without_complications,1,10,E118
diabetes_without_complications,1,10,E119
diabetes_without_complications,1,10,E120
diabetes_without_complications,1,10,E121
diabetes_without_complications,1,10,E126
diabetes_without_complications,1,10,E128
diabetes_without_complications,1,10,E129
diabetes_without_complications,1,10,E130
diabetes_without_complications,1,10,E131
diabetes_without_complications,1,10,E136
diabetes_without_complications,1,10,E138
diabetes_without_complications,1,10,E139
diabetes_without_complications,1,10,E140
diabetes_without_complications,1,10,E141
diabetes_without_complications,1,10,E146
diabetes_without_complications,1,10,E148
diabetes_without_complications,1,10,E149
diabetes_with_complications,2,10,E102
diabetes_with_complications,2,10,E103
diabetes_with_complications,2,10,E104
diabetes_with_complications,2,10,E105
diabetes_with_complications,2,10,E107
diabetes_with_complications,2,10,E112
diabetes_with_complications,2,10,E113
diabetes_with_complications,2,10,E114
diabetes_with_complications,2,10,E115
diabetes_with_complications,2,10,E117
diabetes_with_complications,2,10,E122
diabetes_with_complications,2,10,E123
diabetes_with_complications,2,10,E124
diabetes_with_complications,2,10,E125
diabetes_with_complications,2,10,E127
diabetes_with_complications,2,10,E132
diabetes_with_complications,2,10,E133
diabetes_with_complications,2,10,E134
diabetes_with_complications,2,10,E135
diabetes_with_complications,2,10,E137
diabetes_with_complications,2,10,E142
diabetes_with_complications,2,10,E143
diabetes_with_complications,2,10,E144
diabetes_with_complications,2,10,E145
diabetes_with_complications,2,10,E147
hemiplegia_paraplegia,2,10,G041
hemiplegia_paraplegia,2,10,G114
hemiplegia_paraplegia,2,10,G801
hemiplegia_paraplegia,2,10,G802
hemiplegia_paraplegia,2,10,G81
hemiplegia_paraplegia,2,10,G82
hemiplegia_paraplegia,2,10,G830
hemiplegia_paraplegia,2,10,G831
hemiplegia_paraplegia,2,10,G832
hemiplegia_paraplegia,2,10,G833
hemiplegia_paraplegia,2,10,G834
hemiplegia_paraplegia,2,10,G839
renal_disease,2,10,I120
renal_disease,2,10,I131
renal_disease,2,10,N032
renal_disease,2,10,N033
renal_disease,2,10,N034
renal_disease,2,10,N035
renal_disease,2,10,N036
renal_disease,2,10,N037
renal_disease,2,10,N052
renal_disease,2,10,N053
renal_disease,2,10,N054
renal_disease,2,10,N055
renal_disease,2,10,N056
renal_disease,2,10,N057
renal_disease,2,10,N18
renal_disease,2,10,N19
renal_disease,2,10,N250
renal_disease,2,10,Z490
renal_disease,2,10,Z491
renal_disease,2,10,Z492
renal_disease,2,10,Z940
renal_disease,2,10,Z992
malignancy,2,10,C00
malignancy,2,10,C01
malignancy,2,10,C02
malignancy,2,10,C03
malignancy,2,10,C04
malignancy,2,10,C05
malignancy,2,10,C06
malignancy,2,10,C07
malignancy,2,10,C08
malignancy,2,10,C09
malignancy,2,10,C10
malignancy,2,10,C11
malignancy,2,10,C12
malignancy,2,10,C13
malignancy,2,10,C14
malignancy,2,10,C15
malignancy,2,10,C16
malignancy,2,10,C17
malignancy,2,10,C18
malignancy,2,10,C19
malignancy,2,10,C20
malignancy,2,10,C21
malignancy,2,10,C22
malignancy,2,10,C23
malignancy,2,10,C24
malignancy,2,10,C25
malignancy,2,10,C26
malignancy,2,10,C30
malignancy,2,10,C31
malignancy,2,10,C32
malignancy,2,10,C33
malignancy,2,10,C34
malignancy,2,10,C37
malignancy,2,10,C38
malignancy,2,10,C39
malignancy,2,10,C40
malignancy,2,10,C41
malignancy,2,10,C43
malignancy,2,10,C45
malignancy,2,10,C46
malignancy,2,10,C47
malignancy,2,10,C48
malignancy,2,10,C49
malignancy,2,10,C50
malignancy,2,10,C51
malignancy,2,10,C52
malignancy,2,10,C53
malignancy,2,10,C54
malignancy,2,10,C55
malignancy,2,10,C56
malignancy,2,10,C57
malignancy,2,10,C58
malignancy,2,10,C60
malignancy,2,10,C61
malignancy,2,10,C62
malignancy,2,10,C63
malignancy,2,10,C64
malignancy,2,10,C65
malignancy,2,10,C66
malignancy,2,10,C67
malignancy,2,10,C68
malignancy,2,10,C69
malignancy,2,10,C70
malignancy,2,10,C71
malignancy,2,10,C72
malignancy,2,10,C73
malignancy,2,10,C74
malignancy,2,10,C75
malignancy,2,10,C76
malignancy,2,10,C81
malignancy,2,10,C82
malignancy,2,10,C83
malignancy,2,10,C84
malignancy,2,10,C85
malignancy,2,10,C88
malignancy,2,10,C90
malignancy,2,10,C91
malignancy,2,10,C92
malignancy,2,10,C93
malignancy,2,10,C94
malignancy,2,10,C95
malignancy,2,10,C96
malignancy,2,10,C97
moderate_severe_liver_disease,2,10,I850
moderate_severe_liver_disease,2,10,I859
moderate_severe_liver_disease,2,10,I864
moderate_severe_liver_disease,2,10,I982
moderate_severe_liver_disease,2,10,K704
moderate_severe_liver_disease,2,10,K711
moderate_severe_liver_disease,2,10,K721
moderate_severe_liver_disease,2,10,K729
moderate_severe_liver_disease,2,10,K765
moderate_severe_liver_disease,2,10,K766
moderate_severe_liver_disease,2,10,K767
metastatic_solid_tumour,3,10,C77
metastatic_solid_tumour,3,10,C78
metastatic_solid_tumour,3,10,C79
metastatic_solid_tumour,3,10,C80
aids_hiv,6,10,B20
aids_hiv,6,10,B21
aids_hiv,6,10,B22
aids_hiv,6,10,B24
