Model,Cohort,Condition,Accuracy,AUROC,AUPRC,Precision,Recall,F1,Train_Time_s,Test_Time_s,n_features,pos_rate,Seed,split_id
LR,ICU,No Process,0.7244,0.7504,0.4162,0.3071,0.6512,0.4174,0.16,0.005,59,0.149,42,6e09b6e8a1606e84
RF,ICU,No Process,0.8538,0.7338,0.3806,0.6729,0.0698,0.1265,3.004,0.144,59,0.149,42,6e09b6e8a1606e84
GB,ICU,No Process,0.7288,0.7523,0.4168,0.3098,0.6422,0.418,12.799,0.025,59,0.149,42,6e09b6e8a1606e84
KNN,ICU,No Process,0.839,0.5895,0.2008,0.3542,0.0749,0.1237,0.013,3.877,59,0.149,42,6e09b6e8a1606e84
LR,ICU,No Process,0.7244,0.7504,0.4162,0.3071,0.6512,0.4174,0.158,0.005,59,0.149,1,6e09b6e8a1606e84
RF,ICU,No Process,0.8537,0.7377,0.3857,0.6667,0.0702,0.1271,3.01,0.122,59,0.149,1,6e09b6e8a1606e84
GB,ICU,No Process,0.7289,0.7523,0.4167,0.3099,0.6422,0.418,12.697,0.024,59,0.149,1,6e09b6e8a1606e84
KNN,ICU,No Process,0.839,0.5895,0.2008,0.3542,0.0749,0.1237,0.012,2.058,59,0.149,1,6e09b6e8a1606e84
LR,ICU,No Process,0.7244,0.7504,0.4162,0.3071,0.6512,0.4174,0.144,0.005,59,0.149,2,6e09b6e8a1606e84
RF,ICU,No Process,0.8533,0.7336,0.3788,0.6566,0.0679,0.1231,2.685,0.1,59,0.149,2,6e09b6e8a1606e84
GB,ICU,No Process,0.7289,0.7523,0.4166,0.3099,0.6422,0.418,12.302,0.026,59,0.149,2,6e09b6e8a1606e84
KNN,ICU,No Process,0.839,0.5895,0.2008,0.3542,0.0749,0.1237,0.011,2.121,59,0.149,2,6e09b6e8a1606e84
LR,ICU,No Process,0.7244,0.7504,0.4162,0.3071,0.6512,0.4174,0.152,0.005,59,0.149,3,6e09b6e8a1606e84
RF,ICU,No Process,0.8522,0.7341,0.3804,0.6143,0.0671,0.121,2.667,0.099,59,0.149,3,6e09b6e8a1606e84
GB,ICU,No Process,0.7289,0.7523,0.4166,0.3099,0.6422,0.418,13.383,0.024,59,0.149,3,6e09b6e8a1606e84
KNN,ICU,No Process,0.839,0.5895,0.2008,0.3542,0.0749,0.1237,0.012,2.604,59,0.149,3,6e09b6e8a1606e84
LR,ICU,No Process,0.7244,0.7504,0.4162,0.3071,0.6512,0.4174,0.159,0.005,59,0.149,4,6e09b6e8a1606e84
RF,ICU,No Process,0.8537,0.7388,0.3862,0.6679,0.0698,0.1265,2.792,0.1,59,0.149,4,6e09b6e8a1606e84
GB,ICU,No Process,0.7288,0.7523,0.4167,0.3098,0.6422,0.418,12.629,0.025,59,0.149,4,6e09b6e8a1606e84
KNN,ICU,No Process,0.839,0.5895,0.2008,0.3542,0.0749,0.1237,0.011,2.244,59,0.149,4,6e09b6e8a1606e84
LR,ICU,With Process,0.7583,0.7926,0.5149,0.3476,0.6769,0.4593,0.183,0.01,76,0.149,42,6e09b6e8a1606e84
RF,ICU,With Process,0.8628,0.8291,0.5053,0.7075,0.1623,0.264,3.21,0.134,76,0.149,42,6e09b6e8a1606e84
GB,ICU,With Process,0.7852,0.8424,0.548,0.3908,0.7452,0.5128,19.401,0.029,76,0.149,42,6e09b6e8a1606e84
KNN,ICU,With Process,0.8436,0.6004,0.211,0.4102,0.0722,0.1228,0.015,2.31,76,0.149,42,6e09b6e8a1606e84
LR,ICU,With Process,0.7583,0.7926,0.5149,0.3476,0.6769,0.4593,0.231,0.007,76,0.149,1,6e09b6e8a1606e84
RF,ICU,With Process,0.8627,0.8279,0.5069,0.7101,0.1596,0.2606,3.006,0.089,76,0.149,1,6e09b6e8a1606e84
GB,ICU,With Process,0.7852,0.8424,0.5481,0.3908,0.7452,0.5128,18.318,0.033,76,0.149,1,6e09b6e8a1606e84
KNN,ICU,With Process,0.8436,0.6004,0.211,0.4102,0.0722,0.1228,0.015,2.211,76,0.149,1,6e09b6e8a1606e84
LR,ICU,With Process,0.7583,0.7926,0.5149,0.3476,0.6769,0.4593,0.174,0.006,76,0.149,2,6e09b6e8a1606e84
RF,ICU,With Process,0.8632,0.8312,0.5095,0.7163,0.1615,0.2636,2.932,0.089,76,0.149,2,6e09b6e8a1606e84
GB,ICU,With Process,0.7852,0.8424,0.548,0.3908,0.7452,0.5128,18.28,0.027,76,0.149,2,6e09b6e8a1606e84
KNN,ICU,With Process,0.8436,0.6004,0.211,0.4102,0.0722,0.1228,0.015,2.221,76,0.149,2,6e09b6e8a1606e84
LR,ICU,With Process,0.7583,0.7926,0.5149,0.3476,0.6769,0.4593,0.182,0.006,76,0.149,3,6e09b6e8a1606e84
RF,ICU,With Process,0.8613,0.8274,0.5001,0.6938,0.1529,0.2506,2.929,0.09,76,0.149,3,6e09b6e8a1606e84
GB,ICU,With Process,0.7852,0.8424,0.5481,0.3908,0.7452,0.5128,18.832,0.027,76,0.149,3,6e09b6e8a1606e84
KNN,ICU,With Process,0.8436,0.6004,0.211,0.4102,0.0722,0.1228,0.017,2.291,76,0.149,3,6e09b6e8a1606e84
LR,ICU,With Process,0.7583,0.7926,0.5149,0.3476,0.6769,0.4593,0.182,0.007,76,0.149,4,6e09b6e8a1606e84
RF,ICU,With Process,0.8623,0.8287,0.5069,0.7063,0.1576,0.2577,3.354,0.112,76,0.149,4,6e09b6e8a1606e84
GB,ICU,With Process,0.7852,0.8424,0.5481,0.3908,0.7452,0.5128,19.777,0.036,76,0.149,4,6e09b6e8a1606e84
KNN,ICU,With Process,0.8436,0.6004,0.211,0.4102,0.0722,0.1228,0.017,2.643,76,0.149,4,6e09b6e8a1606e84
LR,ICU,With BoW,0.7666,0.7909,0.5166,0.3573,0.6754,0.4673,1.236,0.03,356,0.149,42,6e09b6e8a1606e84
RF,ICU,With BoW,0.8561,0.8179,0.4739,0.7134,0.0854,0.1526,5.266,0.114,356,0.149,42,6e09b6e8a1606e84
GB,ICU,With BoW,0.7848,0.8419,0.5465,0.3905,0.7468,0.5128,44.99,0.058,356,0.149,42,6e09b6e8a1606e84
KNN,ICU,With BoW,0.8416,0.5881,0.1995,0.3634,0.0597,0.1025,0.058,6.94,356,0.149,42,6e09b6e8a1606e84
LR,ICU,With BoW,0.7666,0.7909,0.5166,0.3573,0.6754,0.4673,1.215,0.027,356,0.149,1,6e09b6e8a1606e84
RF,ICU,With BoW,0.8572,0.8202,0.49,0.738,0.0901,0.1606,5.539,0.182,356,0.149,1,6e09b6e8a1606e84
GB,ICU,With BoW,0.7848,0.8419,0.5465,0.3905,0.7468,0.5128,42.122,0.063,356,0.149,1,6e09b6e8a1606e84
KNN,ICU,With BoW,0.8416,0.5881,0.1995,0.3634,0.0597,0.1025,0.061,6.895,356,0.149,1,6e09b6e8a1606e84
LR,ICU,With BoW,0.7666,0.7909,0.5166,0.3573,0.6754,0.4673,1.07,0.027,356,0.149,2,6e09b6e8a1606e84
RF,ICU,With BoW,0.8574,0.8218,0.4817,0.727,0.0956,0.169,4.961,0.148,356,0.149,2,6e09b6e8a1606e84
GB,ICU,With BoW,0.7848,0.8419,0.5465,0.3905,0.7468,0.5128,40.376,0.058,356,0.149,2,6e09b6e8a1606e84
KNN,ICU,With BoW,0.8416,0.5881,0.1995,0.3634,0.0597,0.1025,0.06,6.553,356,0.149,2,6e09b6e8a1606e84
LR,ICU,With BoW,0.7666,0.7909,0.5166,0.3573,0.6754,0.4673,1.057,0.026,356,0.149,3,6e09b6e8a1606e84
RF,ICU,With BoW,0.8565,0.8198,0.4774,0.7331,0.0847,0.1518,4.767,0.112,356,0.149,3,6e09b6e8a1606e84
GB,ICU,With BoW,0.7848,0.8419,0.5465,0.3905,0.7468,0.5128,44.289,0.175,356,0.149,3,6e09b6e8a1606e84
KNN,ICU,With BoW,0.8416,0.5881,0.1995,0.3634,0.0597,0.1025,0.112,8.079,356,0.149,3,6e09b6e8a1606e84
LR,ICU,With BoW,0.7666,0.7909,0.5166,0.3573,0.6754,0.4673,1.097,0.028,356,0.149,4,6e09b6e8a1606e84
RF,ICU,With BoW,0.8555,0.8226,0.4846,0.7055,0.0804,0.1443,5.238,0.173,356,0.149,4,6e09b6e8a1606e84
GB,ICU,With BoW,0.7848,0.8419,0.5465,0.3905,0.7468,0.5128,44.139,0.062,356,0.149,4,6e09b6e8a1606e84
KNN,ICU,With BoW,0.8416,0.5881,0.1995,0.3634,0.0597,0.1025,0.059,7.283,356,0.149,4,6e09b6e8a1606e84
LR,SW,No Process,0.735,0.7064,0.293,0.278,0.5694,0.3736,0.136,0.004,59,0.1429,42,0f50fb19f263c430
RF,SW,No Process,0.8636,0.6984,0.324,0.5611,0.0788,0.1382,1.965,0.078,59,0.1429,42,0f50fb19f263c430
GB,SW,No Process,0.7311,0.7134,0.323,0.275,0.5727,0.3715,8.935,0.018,59,0.1429,42,0f50fb19f263c430
KNN,SW,No Process,0.8494,0.5985,0.194,0.3508,0.1003,0.156,0.009,1.43,59,0.1429,42,0f50fb19f263c430
LR,SW,No Process,0.735,0.7064,0.293,0.278,0.5694,0.3736,0.129,0.004,59,0.1429,1,0f50fb19f263c430
RF,SW,No Process,0.8626,0.6969,0.3211,0.5353,0.0772,0.135,2.188,0.09,59,0.1429,1,0f50fb19f263c430
GB,SW,No Process,0.7312,0.7134,0.3229,0.275,0.5727,0.3716,8.968,0.018,59,0.1429,1,0f50fb19f263c430
KNN,SW,No Process,0.8494,0.5985,0.194,0.3508,0.1003,0.156,0.008,1.33,59,0.1429,1,0f50fb19f263c430
LR,SW,No Process,0.735,0.7064,0.293,0.278,0.5694,0.3736,0.123,0.005,59,0.1429,2,0f50fb19f263c430
RF,SW,No Process,0.8637,0.6954,0.3211,0.5714,0.0729,0.1293,1.949,0.08,59,0.1429,2,0f50fb19f263c430
GB,SW,No Process,0.7312,0.7134,0.3229,0.275,0.5727,0.3716,8.738,0.018,59,0.1429,2,0f50fb19f263c430
KNN,SW,No Process,0.8494,0.5985,0.194,0.3508,0.1003,0.156,0.008,1.346,59,0.1429,2,0f50fb19f263c430
LR,SW,No Process,0.735,0.7064,0.293,0.278,0.5694,0.3736,0.138,0.004,59,0.1429,3,0f50fb19f263c430
RF,SW,No Process,0.8641,0.6965,0.3209,0.5777,0.0777,0.1371,2.131,0.09,59,0.1429,3,0f50fb19f263c430
GB,SW,No Process,0.7312,0.7134,0.3229,0.275,0.5727,0.3716,8.804,0.017,59,0.1429,3,0f50fb19f263c430
KNN,SW,No Process,0.8494,0.5985,0.194,0.3508,0.1003,0.156,0.009,1.498,59,0.1429,3,0f50fb19f263c430
LR,SW,No Process,0.735,0.7064,0.293,0.278,0.5694,0.3736,0.121,0.004,59,0.1429,4,0f50fb19f263c430
RF,SW,No Process,0.8634,0.6978,0.3242,0.5597,0.0729,0.129,2.134,0.079,59,0.1429,4,0f50fb19f263c430
GB,SW,No Process,0.7311,0.7134,0.323,0.275,0.5727,0.3715,8.921,0.018,59,0.1429,4,0f50fb19f263c430
KNN,SW,No Process,0.8494,0.5985,0.194,0.3508,0.1003,0.156,0.008,1.308,59,0.1429,4,0f50fb19f263c430
LR,SW,With Process,0.8142,0.8577,0.5209,0.4076,0.7475,0.5275,0.188,0.005,76,0.1429,42,0f50fb19f263c430
RF,SW,With Process,0.8919,0.8975,0.6432,0.7689,0.3158,0.4477,2.539,0.079,76,0.1429,42,0f50fb19f263c430
GB,SW,With Process,0.8195,0.8986,0.6463,0.4259,0.8627,0.5703,14.45,0.032,76,0.1429,42,0f50fb19f263c430
KNN,SW,With Process,0.8716,0.6623,0.3142,0.619,0.1952,0.2968,0.011,1.812,76,0.1429,42,0f50fb19f263c430
LR,SW,With Process,0.8142,0.8577,0.5209,0.4076,0.7475,0.5275,0.21,0.006,76,0.1429,1,0f50fb19f263c430
RF,SW,With Process,0.8909,0.8949,0.6427,0.7737,0.3024,0.4348,2.514,0.08,76,0.1429,1,0f50fb19f263c430
GB,SW,With Process,0.8195,0.8986,0.6463,0.4259,0.8627,0.5703,14.269,0.028,76,0.1429,1,0f50fb19f263c430
KNN,SW,With Process,0.8716,0.6623,0.3142,0.619,0.1952,0.2968,0.01,1.454,76,0.1429,1,0f50fb19f263c430
LR,SW,With Process,0.8142,0.8577,0.5209,0.4076,0.7475,0.5275,0.204,0.005,76,0.1429,2,0f50fb19f263c430
RF,SW,With Process,0.892,0.896,0.6401,0.7782,0.3105,0.4438,2.106,0.068,76,0.1429,2,0f50fb19f263c430
GB,SW,With Process,0.8195,0.8986,0.6463,0.4259,0.8627,0.5703,14.06,0.025,76,0.1429,2,0f50fb19f263c430
KNN,SW,With Process,0.8716,0.6623,0.3142,0.619,0.1952,0.2968,0.01,1.592,76,0.1429,2,0f50fb19f263c430
LR,SW,With Process,0.8142,0.8577,0.5209,0.4076,0.7475,0.5275,0.21,0.006,76,0.1429,3,0f50fb19f263c430
RF,SW,With Process,0.8916,0.8929,0.6362,0.7917,0.2976,0.4326,2.278,0.069,76,0.1429,3,0f50fb19f263c430
GB,SW,With Process,0.8195,0.8986,0.6463,0.4259,0.8627,0.5703,14.393,0.026,76,0.1429,3,0f50fb19f263c430
KNN,SW,With Process,0.8716,0.6623,0.3142,0.619,0.1952,0.2968,0.01,1.423,76,0.1429,3,0f50fb19f263c430
LR,SW,With Process,0.8142,0.8577,0.5209,0.4076,0.7475,0.5275,0.2,0.005,76,0.1429,4,0f50fb19f263c430
RF,SW,With Process,0.891,0.895,0.6376,0.7755,0.3019,0.4346,2.073,0.068,76,0.1429,4,0f50fb19f263c430
GB,SW,With Process,0.8195,0.8986,0.6464,0.4259,0.8627,0.5703,14.383,0.027,76,0.1429,4,0f50fb19f263c430
KNN,SW,With Process,0.8716,0.6623,0.3142,0.619,0.1952,0.2968,0.01,1.695,76,0.1429,4,0f50fb19f263c430
LR,SW,With BoW,0.8278,0.8668,0.5538,0.4303,0.7426,0.5448,1.859,0.025,344,0.1429,42,0f50fb19f263c430
RF,SW,With BoW,0.8926,0.8901,0.636,0.8067,0.2976,0.4348,3.825,0.12,344,0.1429,42,0f50fb19f263c430
GB,SW,With BoW,0.8192,0.898,0.6449,0.4251,0.8595,0.5688,32.247,0.056,344,0.1429,42,0f50fb19f263c430
KNN,SW,With BoW,0.8806,0.6707,0.3638,0.6946,0.2488,0.3664,0.034,4.75,344,0.1429,42,0f50fb19f263c430
LR,SW,With BoW,0.8278,0.8668,0.5538,0.4303,0.7426,0.5448,1.767,0.023,344,0.1429,1,0f50fb19f263c430
RF,SW,With BoW,0.8907,0.889,0.6314,0.7941,0.2874,0.422,3.471,0.094,344,0.1429,1,0f50fb19f263c430
GB,SW,With BoW,0.8192,0.898,0.6449,0.4251,0.8595,0.5688,31.467,0.048,344,0.1429,1,0f50fb19f263c430
KNN,SW,With BoW,0.8806,0.6707,0.3638,0.6946,0.2488,0.3664,0.034,4.426,344,0.1429,1,0f50fb19f263c430
LR,SW,With BoW,0.8278,0.8668,0.5538,0.4303,0.7426,0.5448,1.746,0.022,344,0.1429,2,0f50fb19f263c430
RF,SW,With BoW,0.891,0.8885,0.6319,0.7985,0.2869,0.4221,3.628,0.102,344,0.1429,2,0f50fb19f263c430
GB,SW,With BoW,0.8193,0.8978,0.6448,0.4253,0.8595,0.569,31.225,0.045,344,0.1429,2,0f50fb19f263c430
KNN,SW,With BoW,0.8806,0.6707,0.3638,0.6946,0.2488,0.3664,0.032,4.384,344,0.1429,2,0f50fb19f263c430
LR,SW,With BoW,0.8278,0.8668,0.5538,0.4303,0.7426,0.5448,1.655,0.019,344,0.1429,3,0f50fb19f263c430
RF,SW,With BoW,0.8932,0.8891,0.633,0.8098,0.3013,0.4392,3.079,0.122,344,0.1429,3,0f50fb19f263c430
GB,SW,With BoW,0.8192,0.898,0.6449,0.4251,0.8595,0.5688,30.151,0.044,344,0.1429,3,0f50fb19f263c430
KNN,SW,With BoW,0.8806,0.6707,0.3638,0.6946,0.2488,0.3664,0.033,4.669,344,0.1429,3,0f50fb19f263c430
LR,SW,With BoW,0.8278,0.8668,0.5538,0.4303,0.7426,0.5448,1.77,0.02,344,0.1429,4,0f50fb19f263c430
RF,SW,With BoW,0.8926,0.8884,0.6329,0.814,0.2933,0.4312,3.248,0.139,344,0.1429,4,0f50fb19f263c430
GB,SW,With BoW,0.8192,0.898,0.6449,0.4251,0.8595,0.5688,29.884,0.045,344,0.1429,4,0f50fb19f263c430
KNN,SW,With BoW,0.8806,0.6707,0.3638,0.6946,0.2488,0.3664,0.032,4.836,344,0.1429,4,0f50fb19f263c430
